"0","genePertScore <- raw_gene_pert(weightedFC$logFC, gsTopology)"
"2","
warning: "
"2","solve(): system is singular; attempting approx solution"
"2","
"
"2","
warning: "
"2","solve(): system is singular; attempting approx solution"
"2","
"
"2","
warning: "
"2","solve(): system is singular; attempting approx solution"
"2","
"
"2","
warning: "
"2","solve(): system is singular; attempting approx solution"
"2","
"
"2","
warning: "
"2","solve(): system is singular; attempting approx solution"
"2","
"
"2","
warning: "
"2","solve(): system is singular; attempting approx solution"
"2","
"
"2","
warning: "
"2","solve(): system is singular; attempting approx solution"
"2","
"
"2","
warning: "
"2","solve(): system is singular; attempting approx solution"
"2","
"
"2","
warning: "
"2","solve(): system is singular; attempting approx solution"
"2","
"
"2","
warning: "
"2","solve(): system is singular; attempting approx solution"
"2","
"
