"0","weightedFC
"
"1","$weight
"
"1","   [1]"
"1"," 1.667420e-04"
"1"," 1.162707e-04"
"1"," 4.725986e-05"
"1"," 1.038101e-04"
"1"," 7.712086e-05"
"1"," 1.280026e-04"
"1"," 7.735272e-05"
"1"," 1.055712e-04"
"1","
"
"1","   [9]"
"1"," 2.464151e-04"
"1"," 5.238117e-05"
"1"," 2.428193e-05"
"1"," 2.945531e-05"
"1"," 2.856839e-05"
"1"," 1.153119e-04"
"1"," 2.188623e-04"
"1"," 1.353818e-04"
"1","
"
"1","  [17]"
"1"," 8.181663e-05"
"1"," 1.551367e-04"
"1"," 1.270339e-04"
"1"," 2.223064e-04"
"1"," 2.844168e-05"
"1"," 2.250184e-04"
"1"," 2.518549e-04"
"1"," 2.479888e-04"
"1","
"
"1","  [25]"
"1"," 2.517309e-04"
"1"," 3.134383e-05"
"1"," 1.930533e-04"
"1"," 1.051802e-04"
"1"," 2.430774e-04"
"1"," 1.598179e-04"
"1"," 2.497326e-04"
"1"," 3.263897e-05"
"1","
"
"1","  [33]"
"1"," 1.600254e-04"
"1"," 3.142527e-05"
"1"," 1.521329e-04"
"1"," 3.726011e-05"
"1"," 4.195556e-05"
"1"," 1.604558e-04"
"1"," 1.331494e-04"
"1"," 1.001167e-04"
"1","
"
"1","  [41]"
"1"," 1.844726e-04"
"1"," 1.744109e-04"
"1"," 2.014632e-04"
"1"," 7.715640e-05"
"1"," 2.343520e-04"
"1"," 1.840457e-04"
"1"," 2.130810e-04"
"1"," 1.733393e-04"
"1","
"
"1","  [49]"
"1"," 3.549523e-05"
"1"," 1.651314e-04"
"1"," 7.304524e-05"
"1"," 2.339125e-04"
"1"," 8.092492e-05"
"1"," 7.960120e-05"
"1"," 6.399689e-05"
"1"," 1.530949e-04"
"1","
"
"1","  [57]"
"1"," 2.002473e-04"
"1"," 1.673521e-04"
"1"," 1.093344e-04"
"1"," 2.821667e-05"
"1"," 2.403278e-04"
"1"," 2.403605e-04"
"1"," 2.411568e-04"
"1"," 2.031842e-05"
"1","
"
"1","  [65]"
"1"," 1.859834e-04"
"1"," 3.912937e-05"
"1"," 8.141294e-05"
"1"," 5.432519e-05"
"1"," 1.236342e-04"
"1"," 1.862141e-04"
"1"," 1.894370e-04"
"1"," 1.452883e-04"
"1","
"
"1","  [73]"
"1"," 3.870816e-05"
"1"," 4.238925e-05"
"1"," 2.319185e-04"
"1"," 2.061384e-04"
"1"," 8.744445e-05"
"1"," 1.211167e-04"
"1"," 2.176814e-04"
"1"," 7.899701e-05"
"1","
"
"1","  [81]"
"1"," 3.256812e-05"
"1"," 4.576324e-05"
"1"," 2.083328e-04"
"1"," 2.250297e-04"
"1"," 7.634140e-05"
"1"," 1.352211e-04"
"1"," 2.540815e-04"
"1"," 2.398489e-04"
"1","
"
"1","  [89]"
"1"," 2.321861e-04"
"1"," 4.899158e-05"
"1"," 2.216308e-04"
"1"," 9.531683e-05"
"1"," 2.124663e-04"
"1"," 1.188472e-04"
"1"," 2.560107e-04"
"1"," 2.754034e-05"
"1","
"
"1","  [97]"
"1"," 1.002139e-04"
"1"," 5.024036e-05"
"1"," 1.890080e-04"
"1"," 5.521048e-05"
"1"," 2.421118e-04"
"1"," 1.937683e-04"
"1"," 8.554529e-05"
"1"," 2.046896e-04"
"1","
"
"1"," [105]"
"1"," 8.452622e-05"
"1"," 2.410402e-04"
"1"," 2.312076e-04"
"1"," 1.388727e-04"
"1"," 2.448359e-04"
"1"," 5.571580e-05"
"1"," 1.253279e-04"
"1"," 9.015307e-05"
"1","
"
"1"," [113]"
"1"," 1.668899e-04"
"1"," 2.174370e-04"
"1"," 1.837372e-04"
"1"," 2.140450e-04"
"1"," 1.846420e-04"
"1"," 8.738160e-05"
"1"," 1.588206e-04"
"1"," 1.091495e-04"
"1","
"
"1"," [121]"
"1"," 1.939801e-04"
"1"," 2.919937e-05"
"1"," 1.888536e-04"
"1"," 1.794976e-04"
"1"," 7.662098e-05"
"1"," 2.134632e-04"
"1"," 8.987171e-05"
"1"," 1.480252e-04"
"1","
"
"1"," [129]"
"1"," 1.293471e-04"
"1"," 1.695689e-04"
"1"," 1.572447e-04"
"1"," 1.175710e-04"
"1"," 1.475729e-04"
"1"," 2.344078e-04"
"1"," 1.430459e-04"
"1"," 1.827583e-04"
"1","
"
"1"," [137]"
"1"," 1.137829e-04"
"1"," 2.459928e-04"
"1"," 2.186820e-04"
"1"," 6.118121e-05"
"1"," 8.792816e-05"
"1"," 1.777354e-04"
"1"," 8.984011e-05"
"1"," 2.029022e-04"
"1","
"
"1"," [145]"
"1"," 6.401315e-05"
"1"," 1.195407e-04"
"1"," 4.616393e-05"
"1"," 1.597248e-04"
"1"," 2.409025e-04"
"1"," 2.651845e-05"
"1"," 2.267555e-04"
"1"," 2.063239e-04"
"1","
"
"1"," [153]"
"1"," 1.504717e-04"
"1"," 1.835861e-04"
"1"," 1.192016e-04"
"1"," 2.195825e-04"
"1"," 1.501725e-04"
"1"," 4.948136e-05"
"1"," 3.044626e-05"
"1"," 1.981416e-04"
"1","
"
"1"," [161]"
"1"," 2.222586e-04"
"1"," 1.920239e-04"
"1"," 2.310355e-04"
"1"," 8.612815e-05"
"1"," 2.336797e-04"
"1"," 1.866913e-04"
"1"," 1.907565e-04"
"1"," 2.072370e-04"
"1","
"
"1"," [169]"
"1"," 3.835672e-05"
"1"," 1.092079e-04"
"1"," 3.401829e-05"
"1"," 6.905245e-05"
"1"," 6.932466e-05"
"1"," 2.512856e-04"
"1"," 2.369909e-04"
"1"," 1.197073e-04"
"1","
"
"1"," [177]"
"1"," 1.795397e-04"
"1"," 4.962207e-05"
"1"," 1.104591e-04"
"1"," 2.169935e-04"
"1"," 6.640274e-05"
"1"," 7.655287e-05"
"1"," 2.409683e-04"
"1"," 2.276705e-04"
"1","
"
"1"," [185]"
"1"," 1.854305e-04"
"1"," 2.247349e-04"
"1"," 2.021200e-04"
"1"," 1.602675e-04"
"1"," 1.338059e-04"
"1"," 4.393880e-05"
"1"," 8.512347e-05"
"1"," 1.975337e-04"
"1","
"
"1"," [193]"
"1"," 4.433195e-05"
"1"," 8.835943e-05"
"1"," 1.777396e-04"
"1"," 2.483819e-04"
"1"," 1.404140e-04"
"1"," 1.744539e-04"
"1"," 2.265615e-04"
"1"," 2.384601e-04"
"1","
"
"1"," [201]"
"1"," 2.550311e-04"
"1"," 1.325215e-04"
"1"," 1.710979e-04"
"1"," 2.527019e-04"
"1"," 4.427286e-05"
"1"," 9.838760e-05"
"1"," 2.572710e-05"
"1"," 3.702142e-05"
"1","
"
"1"," [209]"
"1"," 1.043057e-04"
"1"," 8.297965e-05"
"1"," 2.410874e-04"
"1"," 2.268299e-04"
"1"," 8.276237e-05"
"1"," 1.791238e-04"
"1"," 2.507772e-04"
"1"," 2.073014e-04"
"1","
"
"1"," [217]"
"1"," 9.160185e-05"
"1"," 2.343263e-04"
"1"," 1.243476e-04"
"1"," 1.925538e-04"
"1"," 1.555155e-04"
"1"," 1.873335e-04"
"1"," 2.040471e-04"
"1"," 2.925204e-05"
"1","
"
"1"," [225]"
"1"," 2.561631e-04"
"1"," 2.134546e-04"
"1"," 2.467861e-04"
"1"," 2.119022e-04"
"1"," 1.839199e-04"
"1"," 1.591750e-04"
"1"," 4.051861e-05"
"1"," 1.473057e-04"
"1","
"
"1"," [233]"
"1"," 1.786304e-04"
"1"," 2.289886e-04"
"1"," 1.066456e-04"
"1"," 8.278422e-05"
"1"," 5.878220e-05"
"1"," 1.805948e-04"
"1"," 2.376206e-04"
"1"," 2.433061e-04"
"1","
"
"1"," [241]"
"1"," 1.746854e-04"
"1"," 4.617980e-05"
"1"," 1.371105e-04"
"1"," 2.156100e-04"
"1"," 2.019240e-04"
"1"," 1.375086e-04"
"1"," 1.004073e-04"
"1"," 1.301431e-04"
"1","
"
"1"," [249]"
"1"," 1.779371e-04"
"1"," 6.489460e-05"
"1"," 2.391778e-04"
"1"," 1.323150e-04"
"1"," 2.538927e-04"
"1"," 7.739533e-05"
"1"," 1.727698e-04"
"1"," 7.112407e-05"
"1","
"
"1"," [257]"
"1"," 1.972341e-04"
"1"," 4.812496e-05"
"1"," 4.284479e-05"
"1"," 1.310530e-04"
"1"," 1.393341e-04"
"1"," 2.062892e-04"
"1"," 2.532945e-04"
"1"," 1.490929e-04"
"1","
"
"1"," [265]"
"1"," 8.593307e-05"
"1"," 3.597545e-05"
"1"," 1.724335e-04"
"1"," 8.892414e-05"
"1"," 1.788784e-04"
"1"," 1.526656e-04"
"1"," 1.599917e-04"
"1"," 7.195349e-05"
"1","
"
"1"," [273]"
"1"," 2.309509e-04"
"1"," 1.605758e-04"
"1"," 9.762882e-05"
"1"," 2.043489e-04"
"1"," 2.713811e-05"
"1"," 4.843681e-05"
"1"," 1.952682e-04"
"1"," 1.360980e-04"
"1","
"
"1"," [281]"
"1"," 1.460839e-04"
"1"," 9.869134e-05"
"1"," 5.552249e-05"
"1"," 2.125947e-04"
"1"," 2.241181e-04"
"1"," 1.630032e-04"
"1"," 9.973558e-05"
"1"," 3.637926e-05"
"1","
"
"1"," [289]"
"1"," 2.376098e-04"
"1"," 2.236804e-04"
"1"," 1.152574e-04"
"1"," 2.278317e-04"
"1"," 2.496253e-05"
"1"," 6.596752e-05"
"1"," 9.581056e-05"
"1"," 3.010249e-05"
"1","
"
"1"," [297]"
"1"," 1.685229e-04"
"1"," 1.942293e-04"
"1"," 1.664179e-04"
"1"," 7.103487e-05"
"1"," 1.306383e-04"
"1"," 4.369428e-05"
"1"," 1.560417e-04"
"1"," 2.184233e-04"
"1","
"
"1"," [305]"
"1"," 2.429103e-04"
"1"," 1.294914e-04"
"1"," 2.370157e-04"
"1"," 2.241611e-04"
"1"," 1.705485e-04"
"1"," 2.884403e-05"
"1"," 1.427268e-04"
"1"," 4.504611e-05"
"1","
"
"1"," [313]"
"1"," 3.812741e-05"
"1"," 1.617466e-04"
"1"," 6.750176e-05"
"1"," 2.489595e-04"
"1"," 2.120661e-04"
"1"," 5.805835e-05"
"1"," 4.757431e-05"
"1"," 1.258561e-04"
"1","
"
"1"," [321]"
"1"," 2.112512e-04"
"1"," 2.038194e-04"
"1"," 9.098608e-05"
"1"," 1.225618e-04"
"1"," 7.441925e-05"
"1"," 2.164048e-04"
"1"," 5.155201e-05"
"1"," 1.196064e-04"
"1","
"
"1"," [329]"
"1"," 1.764049e-04"
"1"," 2.160389e-04"
"1"," 2.479788e-04"
"1"," 8.158953e-05"
"1"," 1.835324e-04"
"1"," 1.074589e-04"
"1"," 2.024229e-04"
"1"," 2.117669e-04"
"1","
"
"1"," [337]"
"1"," 2.993781e-05"
"1"," 1.311695e-04"
"1"," 1.518541e-04"
"1"," 8.779119e-05"
"1"," 1.578367e-04"
"1"," 2.499633e-04"
"1"," 2.461625e-04"
"1"," 2.191633e-04"
"1","
"
"1"," [345]"
"1"," 9.637383e-05"
"1"," 1.937184e-04"
"1"," 1.926363e-04"
"1"," 6.280219e-05"
"1"," 1.546285e-04"
"1"," 1.670343e-04"
"1"," 1.239402e-04"
"1"," 2.445086e-04"
"1","
"
"1"," [353]"
"1"," 1.179891e-04"
"1"," 3.597210e-05"
"1"," 6.971286e-05"
"1"," 2.396346e-04"
"1"," 2.005455e-04"
"1"," 1.036976e-04"
"1"," 2.166293e-04"
"1"," 1.739556e-04"
"1","
"
"1"," [361]"
"1"," 2.319508e-04"
"1"," 1.739919e-04"
"1"," 4.399565e-05"
"1"," 2.530051e-05"
"1"," 2.518437e-04"
"1"," 1.792155e-04"
"1"," 1.833303e-04"
"1"," 2.519814e-04"
"1","
"
"1"," [369]"
"1"," 4.011715e-05"
"1"," 2.439964e-04"
"1"," 2.401971e-04"
"1"," 2.457219e-04"
"1"," 1.433177e-04"
"1"," 1.706569e-04"
"1"," 2.010722e-04"
"1"," 2.880393e-05"
"1","
"
"1"," [377]"
"1"," 4.980314e-05"
"1"," 2.751239e-05"
"1"," 2.791144e-05"
"1"," 8.251458e-05"
"1"," 4.218966e-05"
"1"," 1.115990e-04"
"1"," 1.398232e-04"
"1"," 2.498840e-04"
"1","
"
"1"," [385]"
"1"," 1.639964e-04"
"1"," 1.226444e-04"
"1"," 1.799458e-04"
"1"," 2.310540e-04"
"1"," 1.411121e-04"
"1"," 9.680884e-05"
"1"," 2.497795e-04"
"1"," 1.353355e-04"
"1","
"
"1"," [393]"
"1"," 1.536115e-04"
"1"," 2.416161e-04"
"1"," 1.710457e-04"
"1"," 2.262898e-04"
"1"," 2.342036e-04"
"1"," 1.620722e-04"
"1"," 1.522455e-04"
"1"," 8.198193e-05"
"1","
"
"1"," [401]"
"1"," 4.718344e-05"
"1"," 1.922171e-04"
"1"," 6.287327e-05"
"1"," 1.131655e-04"
"1"," 1.650604e-04"
"1"," 2.320319e-04"
"1"," 2.297201e-04"
"1"," 1.379370e-04"
"1","
"
"1"," [409]"
"1"," 7.916525e-05"
"1"," 1.082530e-04"
"1"," 9.527645e-05"
"1"," 1.772669e-04"
"1"," 1.369165e-04"
"1"," 2.206688e-04"
"1"," 2.194978e-04"
"1"," 1.432685e-04"
"1","
"
"1"," [417]"
"1"," 1.906923e-04"
"1"," 2.538995e-04"
"1"," 1.783470e-04"
"1"," 2.047737e-04"
"1"," 2.332501e-04"
"1"," 2.327595e-05"
"1"," 4.962308e-05"
"1"," 4.823092e-05"
"1","
"
"1"," [425]"
"1"," 7.305427e-05"
"1"," 8.959857e-05"
"1"," 2.783655e-05"
"1"," 1.380646e-04"
"1"," 1.190463e-04"
"1"," 1.079318e-04"
"1"," 1.675374e-04"
"1"," 1.551729e-04"
"1","
"
"1"," [433]"
"1"," 8.379408e-05"
"1"," 6.128578e-05"
"1"," 1.399682e-04"
"1"," 1.821526e-04"
"1"," 2.111171e-04"
"1"," 1.321993e-04"
"1"," 7.796026e-05"
"1"," 2.561709e-04"
"1","
"
"1"," [441]"
"1"," 1.844381e-04"
"1"," 2.206269e-04"
"1"," 2.022526e-04"
"1"," 3.441220e-05"
"1"," 6.468406e-05"
"1"," 2.346594e-04"
"1"," 3.811934e-05"
"1"," 1.683427e-04"
"1","
"
"1"," [449]"
"1"," 8.230843e-05"
"1"," 1.253505e-04"
"1"," 1.720218e-04"
"1"," 1.336493e-04"
"1"," 1.394707e-04"
"1"," 2.135172e-04"
"1"," 2.238837e-04"
"1"," 2.277130e-04"
"1","
"
"1"," [457]"
"1"," 1.170581e-04"
"1"," 2.178766e-04"
"1"," 9.530041e-05"
"1"," 1.717912e-04"
"1"," 2.538369e-04"
"1"," 2.256452e-04"
"1"," 1.026452e-04"
"1"," 9.384322e-05"
"1","
"
"1"," [465]"
"1"," 1.751153e-04"
"1"," 1.351285e-04"
"1"," 3.656586e-05"
"1"," 1.692739e-04"
"1"," 2.134402e-04"
"1"," 1.527163e-04"
"1"," 1.228224e-04"
"1"," 8.128099e-05"
"1","
"
"1"," [473]"
"1"," 1.104406e-04"
"1"," 9.917173e-05"
"1"," 1.260992e-04"
"1"," 1.360864e-04"
"1"," 5.279689e-05"
"1"," 2.372938e-04"
"1"," 6.216657e-05"
"1"," 2.032028e-04"
"1","
"
"1"," [481]"
"1"," 1.613335e-04"
"1"," 2.269871e-04"
"1"," 2.104747e-04"
"1"," 2.145172e-04"
"1"," 2.899102e-05"
"1"," 1.181193e-04"
"1"," 2.447024e-04"
"1"," 9.605287e-05"
"1","
"
"1"," [489]"
"1"," 9.487887e-05"
"1"," 2.313310e-04"
"1"," 1.786838e-04"
"1"," 1.591414e-04"
"1"," 2.051742e-04"
"1"," 2.449441e-04"
"1"," 1.414569e-04"
"1"," 2.703919e-05"
"1","
"
"1"," [497]"
"1"," 6.622995e-05"
"1"," 1.236728e-04"
"1"," 1.666501e-04"
"1"," 1.428861e-04"
"1"," 2.174034e-04"
"1"," 2.495850e-04"
"1"," 1.234176e-04"
"1"," 9.388383e-05"
"1","
"
"1"," [505]"
"1"," 1.883929e-04"
"1"," 1.915208e-04"
"1"," 1.316275e-04"
"1"," 2.089130e-04"
"1"," 2.140176e-04"
"1"," 6.393379e-05"
"1"," 2.282338e-04"
"1"," 2.214563e-04"
"1","
"
"1"," [513]"
"1"," 6.324259e-05"
"1"," 2.251972e-04"
"1"," 2.346393e-04"
"1"," 2.204420e-04"
"1"," 2.347733e-04"
"1"," 6.700836e-05"
"1"," 1.228922e-04"
"1"," 2.175616e-04"
"1","
"
"1"," [521]"
"1"," 2.367768e-04"
"1"," 2.292026e-04"
"1"," 2.010545e-04"
"1"," 1.392876e-04"
"1"," 2.370253e-04"
"1"," 2.228250e-04"
"1"," 4.734269e-05"
"1"," 1.932623e-04"
"1","
"
"1"," [529]"
"1"," 2.149121e-04"
"1"," 7.736469e-05"
"1"," 2.079065e-04"
"1"," 1.917185e-04"
"1"," 1.057809e-04"
"1"," 1.835306e-04"
"1"," 1.317560e-04"
"1"," 9.303092e-05"
"1","
"
"1"," [537]"
"1"," 1.157670e-04"
"1"," 7.275397e-05"
"1"," 1.973848e-04"
"1"," 1.208175e-04"
"1"," 1.726404e-04"
"1"," 8.974815e-05"
"1"," 2.232627e-04"
"1"," 2.549508e-05"
"1","
"
"1"," [545]"
"1"," 6.107957e-05"
"1"," 2.057025e-04"
"1"," 1.644375e-04"
"1"," 7.860923e-05"
"1"," 2.172917e-04"
"1"," 1.730197e-04"
"1"," 2.543987e-04"
"1"," 4.590039e-05"
"1","
"
"1"," [553]"
"1"," 1.304528e-04"
"1"," 2.164675e-04"
"1"," 1.817563e-04"
"1"," 2.275535e-04"
"1"," 1.987634e-04"
"1"," 1.810287e-04"
"1"," 9.031152e-05"
"1"," 1.829275e-04"
"1","
"
"1"," [561]"
"1"," 1.543065e-04"
"1"," 2.401882e-04"
"1"," 3.854471e-05"
"1"," 2.230333e-04"
"1"," 2.561160e-04"
"1"," 2.437060e-04"
"1"," 2.220128e-04"
"1"," 9.263722e-05"
"1","
"
"1"," [569]"
"1"," 1.771848e-04"
"1"," 1.428161e-04"
"1"," 2.282613e-04"
"1"," 1.168339e-04"
"1"," 1.484477e-04"
"1"," 1.676492e-04"
"1"," 1.752892e-04"
"1"," 1.585819e-04"
"1","
"
"1"," [577]"
"1"," 1.137702e-04"
"1"," 1.852735e-04"
"1"," 2.330785e-04"
"1"," 2.530956e-04"
"1"," 2.531095e-04"
"1"," 7.779454e-05"
"1"," 1.730972e-04"
"1"," 5.816931e-05"
"1","
"
"1"," [585]"
"1"," 4.315000e-05"
"1"," 1.182069e-04"
"1"," 2.144905e-04"
"1"," 4.205316e-05"
"1"," 2.412993e-05"
"1"," 1.612239e-04"
"1"," 1.676506e-04"
"1"," 2.163213e-04"
"1","
"
"1"," [593]"
"1"," 1.396631e-04"
"1"," 2.171084e-04"
"1"," 2.218262e-04"
"1"," 1.722283e-04"
"1"," 7.307225e-05"
"1"," 1.815242e-04"
"1"," 2.044955e-04"
"1"," 2.149651e-04"
"1","
"
"1"," [601]"
"1"," 1.156192e-04"
"1"," 1.013770e-04"
"1"," 2.187026e-05"
"1"," 2.440362e-04"
"1"," 2.099824e-04"
"1"," 5.886033e-05"
"1"," 2.140112e-04"
"1"," 2.400074e-04"
"1","
"
"1"," [609]"
"1"," 2.102924e-04"
"1"," 2.033309e-04"
"1"," 3.825624e-05"
"1"," 4.854249e-05"
"1"," 2.329792e-04"
"1"," 1.588817e-04"
"1"," 2.343095e-04"
"1"," 2.278008e-04"
"1","
"
"1"," [617]"
"1"," 4.302475e-05"
"1"," 4.015200e-05"
"1"," 2.000820e-04"
"1"," 2.797654e-05"
"1"," 1.233574e-04"
"1"," 2.287547e-04"
"1"," 1.325226e-04"
"1"," 8.502779e-05"
"1","
"
"1"," [625]"
"1"," 1.189952e-04"
"1"," 1.495296e-04"
"1"," 1.521184e-04"
"1"," 2.370923e-04"
"1"," 3.414657e-05"
"1"," 1.574411e-04"
"1"," 8.813513e-05"
"1"," 1.283724e-04"
"1","
"
"1"," [633]"
"1"," 3.647701e-05"
"1"," 1.828434e-04"
"1"," 1.621392e-04"
"1"," 1.285690e-04"
"1"," 7.039038e-05"
"1"," 1.043748e-04"
"1"," 1.818349e-04"
"1"," 4.017701e-05"
"1","
"
"1"," [641]"
"1"," 2.281809e-04"
"1"," 4.177803e-05"
"1"," 9.808011e-05"
"1"," 1.683497e-04"
"1"," 2.347792e-04"
"1"," 1.561417e-04"
"1"," 3.664131e-05"
"1"," 2.455007e-04"
"1","
"
"1"," [649]"
"1"," 3.740024e-05"
"1"," 3.772142e-05"
"1"," 9.401038e-05"
"1"," 7.496560e-05"
"1"," 4.267807e-05"
"1"," 2.473681e-04"
"1"," 2.414172e-04"
"1"," 9.648076e-05"
"1","
"
"1"," [657]"
"1"," 2.447695e-04"
"1"," 2.021434e-04"
"1"," 2.297459e-04"
"1"," 2.443733e-04"
"1"," 2.211134e-04"
"1"," 6.065953e-05"
"1"," 2.109180e-04"
"1"," 2.012888e-04"
"1","
"
"1"," [665]"
"1"," 7.824158e-05"
"1"," 2.078849e-04"
"1"," 2.029964e-04"
"1"," 2.561059e-04"
"1"," 5.993379e-05"
"1"," 2.315301e-04"
"1"," 5.602018e-05"
"1"," 1.187394e-04"
"1","
"
"1"," [673]"
"1"," 1.332052e-04"
"1"," 1.045532e-04"
"1"," 1.659414e-04"
"1"," 5.074113e-05"
"1"," 1.124404e-04"
"1"," 1.606078e-04"
"1"," 1.142615e-04"
"1"," 8.021874e-05"
"1","
"
"1"," [681]"
"1"," 6.688783e-05"
"1"," 2.021114e-04"
"1"," 4.379525e-05"
"1"," 3.426454e-05"
"1"," 9.632227e-05"
"1"," 1.540511e-04"
"1"," 1.825818e-04"
"1"," 1.396234e-04"
"1","
"
"1"," [689]"
"1"," 9.622959e-05"
"1"," 2.368342e-04"
"1"," 6.661714e-05"
"1"," 2.090885e-04"
"1"," 1.265746e-04"
"1"," 1.630568e-04"
"1"," 7.510455e-05"
"1"," 2.065615e-04"
"1","
"
"1"," [697]"
"1"," 8.389726e-05"
"1"," 5.065077e-05"
"1"," 7.738607e-05"
"1"," 1.545658e-04"
"1"," 1.668156e-04"
"1"," 2.487170e-04"
"1"," 2.037444e-04"
"1"," 2.457708e-04"
"1","
"
"1"," [705]"
"1"," 3.524930e-05"
"1"," 6.945248e-05"
"1"," 1.787172e-04"
"1"," 1.496393e-04"
"1"," 2.418651e-04"
"1"," 1.215565e-04"
"1"," 2.002142e-04"
"1"," 1.207273e-04"
"1","
"
"1"," [713]"
"1"," 1.837900e-04"
"1"," 5.162161e-05"
"1"," 4.710130e-05"
"1"," 1.015696e-04"
"1"," 5.642530e-05"
"1"," 1.855506e-04"
"1"," 2.267079e-04"
"1"," 2.321457e-04"
"1","
"
"1"," [721]"
"1"," 2.014831e-04"
"1"," 2.079245e-04"
"1"," 2.120514e-04"
"1"," 1.821426e-04"
"1"," 2.377199e-04"
"1"," 2.467054e-04"
"1"," 1.066313e-04"
"1"," 2.264511e-04"
"1","
"
"1"," [729]"
"1"," 5.296885e-05"
"1"," 1.862594e-04"
"1"," 6.826130e-05"
"1"," 2.382151e-04"
"1"," 3.256044e-05"
"1"," 2.491856e-04"
"1"," 2.244872e-04"
"1"," 2.087965e-04"
"1","
"
"1"," [737]"
"1"," 1.757715e-04"
"1"," 2.218575e-04"
"1"," 1.342018e-04"
"1"," 5.130972e-05"
"1"," 1.966806e-04"
"1"," 2.019082e-04"
"1"," 8.334778e-05"
"1"," 1.903552e-04"
"1","
"
"1"," [745]"
"1"," 1.093180e-04"
"1"," 1.580487e-04"
"1"," 6.354023e-05"
"1"," 1.038683e-04"
"1"," 6.127506e-05"
"1"," 1.336285e-04"
"1"," 2.426031e-04"
"1"," 2.023987e-04"
"1","
"
"1"," [753]"
"1"," 2.523269e-04"
"1"," 1.627060e-04"
"1"," 1.962031e-04"
"1"," 1.377554e-04"
"1"," 3.847959e-05"
"1"," 1.504060e-04"
"1"," 1.817716e-04"
"1"," 1.848840e-04"
"1","
"
"1"," [761]"
"1"," 2.154733e-04"
"1"," 2.213842e-04"
"1"," 2.478905e-04"
"1"," 8.086258e-05"
"1"," 7.953987e-05"
"1"," 2.274787e-04"
"1"," 6.023204e-05"
"1"," 2.516396e-04"
"1","
"
"1"," [769]"
"1"," 1.095126e-04"
"1"," 3.705500e-05"
"1"," 1.142617e-04"
"1"," 6.568085e-05"
"1"," 2.149358e-04"
"1"," 4.897158e-05"
"1"," 2.551890e-04"
"1"," 2.314430e-04"
"1","
"
"1"," [777]"
"1"," 2.247297e-04"
"1"," 2.339585e-04"
"1"," 2.557205e-04"
"1"," 5.370766e-05"
"1"," 6.742408e-05"
"1"," 5.952432e-05"
"1"," 2.471345e-04"
"1"," 1.950047e-04"
"1","
"
"1"," [785]"
"1"," 1.335175e-04"
"1"," 6.774935e-05"
"1"," 2.885296e-05"
"1"," 8.415447e-05"
"1"," 8.034590e-05"
"1"," 1.556988e-04"
"1"," 4.318278e-05"
"1"," 1.091609e-04"
"1","
"
"1"," [793]"
"1"," 1.304573e-04"
"1"," 3.242762e-05"
"1"," 4.205003e-05"
"1"," 9.906455e-05"
"1"," 1.766059e-04"
"1"," 2.281614e-04"
"1"," 1.375927e-04"
"1"," 7.780399e-05"
"1","
"
"1"," [801]"
"1"," 2.512129e-04"
"1"," 1.817323e-04"
"1"," 2.492624e-04"
"1"," 2.193249e-04"
"1"," 2.548431e-04"
"1"," 1.772278e-04"
"1"," 1.265620e-04"
"1"," 1.991341e-04"
"1","
"
"1"," [809]"
"1"," 1.810204e-04"
"1"," 1.612750e-04"
"1"," 1.070805e-04"
"1"," 2.562229e-04"
"1"," 3.943100e-05"
"1"," 2.534813e-04"
"1"," 1.834873e-04"
"1"," 2.309483e-04"
"1","
"
"1"," [817]"
"1"," 1.558576e-04"
"1"," 2.319227e-04"
"1"," 2.523680e-04"
"1"," 1.727398e-04"
"1"," 6.036042e-05"
"1"," 2.419746e-04"
"1"," 2.428331e-04"
"1"," 1.455772e-04"
"1","
"
"1"," [825]"
"1"," 1.667385e-04"
"1"," 1.908450e-04"
"1"," 2.419685e-04"
"1"," 1.003025e-04"
"1"," 2.159258e-04"
"1"," 1.610574e-04"
"1"," 2.073275e-04"
"1"," 2.969828e-05"
"1","
"
"1"," [833]"
"1"," 1.510881e-04"
"1"," 4.301719e-05"
"1"," 1.463004e-04"
"1"," 1.551129e-04"
"1"," 2.024118e-04"
"1"," 2.022592e-04"
"1"," 2.460510e-04"
"1"," 2.477659e-04"
"1","
"
"1"," [841]"
"1"," 4.300487e-05"
"1"," 2.152742e-04"
"1"," 2.087501e-04"
"1"," 1.604773e-04"
"1"," 1.859731e-04"
"1"," 9.871682e-05"
"1"," 3.708899e-05"
"1"," 1.266690e-04"
"1","
"
"1"," [849]"
"1"," 2.546726e-04"
"1"," 3.514801e-05"
"1"," 7.936705e-05"
"1"," 4.593868e-05"
"1"," 2.186842e-04"
"1"," 1.756288e-04"
"1"," 2.442204e-04"
"1"," 4.134581e-05"
"1","
"
"1"," [857]"
"1"," 2.343657e-04"
"1"," 1.778194e-04"
"1"," 4.435593e-05"
"1"," 8.751881e-05"
"1"," 9.708622e-05"
"1"," 1.573513e-04"
"1"," 7.861910e-05"
"1"," 2.035675e-04"
"1","
"
"1"," [865]"
"1"," 8.123330e-05"
"1"," 2.344493e-04"
"1"," 8.679862e-05"
"1"," 3.721393e-05"
"1"," 2.202545e-04"
"1"," 1.448288e-04"
"1"," 1.967617e-04"
"1"," 3.454456e-05"
"1","
"
"1"," [873]"
"1"," 1.899003e-04"
"1"," 1.007993e-04"
"1"," 2.275011e-04"
"1"," 3.255560e-05"
"1"," 2.997160e-05"
"1"," 1.664403e-04"
"1"," 8.205392e-05"
"1"," 1.931614e-04"
"1","
"
"1"," [881]"
"1"," 2.418178e-04"
"1"," 2.552499e-04"
"1"," 2.216720e-04"
"1"," 2.604251e-05"
"1"," 8.211016e-05"
"1"," 1.102008e-04"
"1"," 1.171850e-04"
"1"," 6.559844e-05"
"1","
"
"1"," [889]"
"1"," 1.089815e-04"
"1"," 1.677885e-04"
"1"," 3.889598e-05"
"1"," 2.049996e-04"
"1"," 1.707964e-04"
"1"," 1.970437e-04"
"1"," 2.014948e-04"
"1"," 1.130490e-04"
"1","
"
"1"," [897]"
"1"," 1.647329e-04"
"1"," 1.851728e-04"
"1"," 9.533370e-05"
"1"," 1.629351e-04"
"1"," 1.279360e-04"
"1"," 2.245553e-04"
"1"," 5.128224e-05"
"1"," 1.895294e-04"
"1","
"
"1"," [905]"
"1"," 1.752720e-04"
"1"," 1.473955e-04"
"1"," 1.767132e-04"
"1"," 6.617584e-05"
"1"," 5.624251e-05"
"1"," 2.962970e-05"
"1"," 1.951120e-04"
"1"," 8.331999e-05"
"1","
"
"1"," [913]"
"1"," 2.405604e-04"
"1"," 1.544753e-04"
"1"," 1.871957e-04"
"1"," 3.546865e-05"
"1"," 1.564119e-04"
"1"," 2.512728e-04"
"1"," 1.671733e-04"
"1"," 1.013900e-04"
"1","
"
"1"," [921]"
"1"," 1.155741e-04"
"1"," 2.562458e-04"
"1"," 6.533747e-05"
"1"," 1.094915e-04"
"1"," 2.434212e-04"
"1"," 7.741608e-05"
"1"," 9.376731e-05"
"1"," 1.917774e-04"
"1","
"
"1"," [929]"
"1"," 2.304907e-04"
"1"," 2.460105e-04"
"1"," 5.886797e-05"
"1"," 1.584573e-04"
"1"," 2.087328e-04"
"1"," 1.131095e-04"
"1"," 5.527499e-05"
"1"," 1.982580e-04"
"1","
"
"1"," [937]"
"1"," 1.327371e-04"
"1"," 1.673784e-04"
"1"," 3.230094e-05"
"1"," 1.287917e-04"
"1"," 1.657542e-04"
"1"," 1.770686e-04"
"1"," 1.673880e-04"
"1"," 3.562391e-05"
"1","
"
"1"," [945]"
"1"," 1.425958e-04"
"1"," 2.257850e-04"
"1"," 2.454422e-04"
"1"," 1.441929e-04"
"1"," 1.600803e-04"
"1"," 2.198102e-04"
"1"," 2.234435e-04"
"1"," 1.756198e-04"
"1","
"
"1"," [953]"
"1"," 3.184501e-05"
"1"," 1.981799e-04"
"1"," 2.129732e-05"
"1"," 1.457928e-04"
"1"," 2.348631e-04"
"1"," 1.712122e-04"
"1"," 3.463193e-05"
"1"," 2.248369e-04"
"1","
"
"1"," [961]"
"1"," 2.152633e-04"
"1"," 6.494558e-05"
"1"," 2.372591e-05"
"1"," 1.058677e-04"
"1"," 1.544277e-04"
"1"," 6.461428e-05"
"1"," 2.125711e-04"
"1"," 8.387569e-05"
"1","
"
"1"," [969]"
"1"," 5.716633e-05"
"1"," 1.717515e-04"
"1"," 1.761827e-04"
"1"," 1.417596e-04"
"1"," 1.039546e-04"
"1"," 2.355192e-04"
"1"," 1.917703e-04"
"1"," 7.269056e-05"
"1","
"
"1"," [977]"
"1"," 1.200415e-04"
"1"," 1.490084e-04"
"1"," 4.010917e-05"
"1"," 4.996167e-05"
"1"," 3.897757e-05"
"1"," 1.382635e-04"
"1"," 2.170949e-04"
"1"," 6.685698e-05"
"1","
"
"1"," [985]"
"1"," 1.097017e-04"
"1"," 1.982700e-04"
"1"," 2.553758e-04"
"1"," 2.212058e-04"
"1"," 2.270603e-04"
"1"," 2.550950e-04"
"1"," 2.410096e-04"
"1"," 2.458179e-04"
"1","
"
"1"," [993]"
"1"," 2.207593e-04"
"1"," 2.116365e-04"
"1"," 6.331567e-05"
"1"," 2.278177e-04"
"1"," 1.663098e-04"
"1"," 1.969439e-04"
"1"," 4.091417e-05"
"1"," 2.505809e-04"
"1","
"
"1"," [ reached getOption(""max.print"") -- omitted 6672 entries ]
"
"1","
"
"1","$logFC
"
"1","                  "
"1"," E2+R5020_N2_48"
"1","   R5020_N2_48"
"1"," E2+R5020_N3_48"
"1","   R5020_N3_48"
"1"," E2+R5020_P4_48"
"1","   R5020_P4_48"
"1","
ENTREZID:7105     "
"1","   1.713237e-04"
"1","  1.023332e-04"
"1","   9.074533e-05"
"1"," -6.279514e-05"
"1","   1.240243e-05"
"1"," -7.730590e-06"
"1","
ENTREZID:57147    "
"1","  -1.589504e-04"
"1"," -1.008741e-04"
"1","  -2.018960e-05"
"1","  7.860308e-05"
"1","  -7.465303e-05"
"1"," -5.854267e-05"
"1","
ENTREZID:55732    "
"1","  -3.524621e-05"
"1","  1.698214e-05"
"1","  -1.237042e-05"
"1","  1.169014e-05"
"1","   3.352339e-05"
"1","  4.206108e-05"
"1","
ENTREZID:2268     "
"1","  -2.687432e-04"
"1"," -2.639327e-04"
"1","  -2.520936e-05"
"1"," -1.592210e-04"
"1","   1.036958e-04"
"1","  1.397486e-04"
"1","
ENTREZID:90529    "
"1","   9.811681e-05"
"1","  1.010141e-04"
"1","   1.222584e-05"
"1"," -3.407870e-05"
"1","  -7.357789e-05"
"1"," -7.075852e-05"
"1","
ENTREZID:22875    "
"1","  -5.941532e-05"
"1"," -3.250595e-05"
"1","   2.368623e-05"
"1"," -9.948956e-06"
"1","  -1.072443e-04"
"1"," -3.241583e-05"
"1","
ENTREZID:889      "
"1","  -1.396888e-05"
"1"," -2.986487e-06"
"1","  -3.323534e-05"
"1","  1.036566e-05"
"1","   9.492533e-05"
"1","  1.059672e-04"
"1","
ENTREZID:5893     "
"1","   6.986664e-06"
"1","  1.780969e-05"
"1","  -1.009041e-05"
"1"," -1.694619e-05"
"1","   7.724512e-05"
"1","  7.048219e-05"
"1","
ENTREZID:4267     "
"1","   1.774984e-05"
"1"," -7.966244e-05"
"1","   3.061215e-05"
"1"," -3.416586e-05"
"1","   1.800830e-04"
"1","  1.975178e-04"
"1","
ENTREZID:9957     "
"1","  -7.640491e-05"
"1"," -1.052935e-04"
"1","  -4.253630e-05"
"1"," -9.242105e-05"
"1","  -4.051751e-05"
"1"," -5.106516e-05"
"1","
ENTREZID:26       "
"1","  -4.897836e-05"
"1"," -2.185928e-05"
"1","  -7.850964e-05"
"1"," -6.484620e-05"
"1","  -2.722132e-05"
"1"," -2.762656e-05"
"1","
ENTREZID:23072    "
"1","  -6.270184e-05"
"1"," -2.852440e-05"
"1","  -1.933239e-05"
"1"," -9.877956e-05"
"1","  -5.749010e-05"
"1","  2.910246e-06"
"1","
ENTREZID:8379     "
"1","  -4.270435e-05"
"1"," -3.244398e-05"
"1","   3.578019e-06"
"1"," -5.731992e-05"
"1","  -7.466409e-05"
"1"," -4.610047e-05"
"1","
ENTREZID:29916    "
"1","  -5.042624e-05"
"1"," -4.547681e-05"
"1","   1.082519e-05"
"1"," -1.655986e-05"
"1","  -2.863302e-06"
"1"," -1.822994e-04"
"1","
ENTREZID:4074     "
"1","  -5.029777e-05"
"1"," -3.841622e-05"
"1","  -8.411548e-05"
"1"," -1.601136e-05"
"1","   3.338883e-05"
"1"," -2.390306e-04"
"1","
ENTREZID:3382     "
"1","   3.389748e-04"
"1","  3.019940e-04"
"1","   7.486267e-05"
"1","  1.980473e-04"
"1","  -2.364582e-05"
"1"," -2.284693e-05"
"1","
ENTREZID:79007    "
"1","  -1.589398e-04"
"1"," -1.556169e-04"
"1","  -7.043683e-05"
"1","  2.143667e-04"
"1","  -3.254544e-05"
"1"," -1.146413e-04"
"1","
ENTREZID:57679    "
"1","  -3.687518e-05"
"1","  3.254141e-06"
"1","   8.217405e-05"
"1","  7.301073e-05"
"1","  -8.255389e-05"
"1"," -1.242971e-04"
"1","
ENTREZID:843      "
"1","   1.467150e-04"
"1","  1.396415e-04"
"1","   5.506652e-05"
"1"," -4.590996e-05"
"1","   7.616475e-06"
"1"," -6.955486e-05"
"1","
ENTREZID:7035     "
"1","   1.122831e-04"
"1","  8.484754e-05"
"1","  -6.185983e-06"
"1"," -7.879790e-05"
"1","   1.861035e-04"
"1","  2.492042e-04"
"1","
ENTREZID:9108     "
"1","   3.463612e-06"
"1","  2.095686e-05"
"1","   2.729906e-05"
"1"," -1.786565e-05"
"1","   1.421403e-05"
"1","  4.040234e-05"
"1","
ENTREZID:26073    "
"1","   1.970024e-05"
"1"," -2.197678e-05"
"1","   3.247649e-05"
"1"," -7.221269e-05"
"1","   2.612974e-05"
"1","  1.309613e-04"
"1","
ENTREZID:23129    "
"1","  -2.522499e-05"
"1"," -2.105729e-05"
"1","   6.857190e-05"
"1"," -3.243187e-04"
"1","  -6.098891e-06"
"1","  5.814509e-06"
"1","
ENTREZID:10180    "
"1","  -1.581902e-05"
"1","  1.060264e-05"
"1","  -7.274148e-06"
"1","  5.094792e-05"
"1","   3.380307e-05"
"1","  5.309337e-05"
"1","
ENTREZID:5166     "
"1","   8.523435e-05"
"1","  1.888819e-04"
"1","  -5.089376e-05"
"1"," -6.669932e-04"
"1","   1.370991e-04"
"1","  1.678569e-04"
"1","
ENTREZID:51364    "
"1","  -2.553394e-05"
"1"," -1.633911e-05"
"1","   2.890949e-05"
"1","  2.830605e-05"
"1","   1.835166e-05"
"1"," -1.167714e-05"
"1","
ENTREZID:996      "
"1","   2.816201e-05"
"1","  5.147716e-05"
"1","   6.521042e-05"
"1"," -6.217446e-05"
"1","   1.210292e-04"
"1","  1.309098e-04"
"1","
ENTREZID:64063    "
"1","  -1.476248e-04"
"1"," -7.552469e-05"
"1","  -3.745343e-05"
"1","  4.086838e-04"
"1","  -9.310438e-06"
"1","  3.292431e-05"
"1","
ENTREZID:5976     "
"1","   5.424210e-05"
"1","  4.888397e-05"
"1","  -6.094044e-05"
"1"," -6.890745e-05"
"1","  -4.341114e-05"
"1"," -1.039199e-04"
"1","
ENTREZID:8935     "
"1","   6.078335e-06"
"1"," -2.607540e-06"
"1","   1.207507e-04"
"1","  1.750212e-05"
"1","  -7.399974e-06"
"1"," -1.132563e-04"
"1","
ENTREZID:292      "
"1","  -4.237183e-05"
"1"," -1.766780e-05"
"1","   5.858346e-06"
"1"," -9.565037e-05"
"1","   7.009303e-05"
"1"," -3.103526e-05"
"1","
ENTREZID:3207     "
"1","  -5.356306e-06"
"1"," -2.039545e-05"
"1","   2.491233e-05"
"1"," -1.035359e-04"
"1","   1.387512e-05"
"1","  2.479641e-05"
"1","
ENTREZID:56919    "
"1","   3.229394e-05"
"1","  5.387333e-05"
"1","   3.800192e-05"
"1"," -8.653440e-05"
"1","   4.198891e-05"
"1","  1.028629e-04"
"1","
ENTREZID:4222     "
"1","   3.022738e-05"
"1","  6.250970e-05"
"1","   1.896725e-05"
"1"," -7.913318e-05"
"1","  -3.787143e-06"
"1","  0.000000e+00"
"1","
ENTREZID:79657    "
"1","   3.760652e-05"
"1","  4.982951e-05"
"1","   3.460957e-05"
"1"," -9.506945e-06"
"1","   1.247727e-04"
"1","  1.141608e-04"
"1","
ENTREZID:6296     "
"1","   1.071792e-05"
"1"," -3.013747e-05"
"1","   7.649315e-06"
"1"," -3.575971e-05"
"1","  -8.002169e-05"
"1"," -5.401909e-05"
"1","
ENTREZID:81691    "
"1","  -1.926423e-05"
"1"," -1.729062e-05"
"1","   3.443881e-05"
"1"," -2.538575e-05"
"1","  -1.406038e-05"
"1"," -4.476712e-05"
"1","
ENTREZID:57019    "
"1","   5.175426e-05"
"1","  1.790080e-05"
"1","   5.928893e-05"
"1"," -3.445979e-05"
"1","   3.247792e-05"
"1"," -3.209467e-05"
"1","
ENTREZID:51226    "
"1","   9.358140e-05"
"1","  4.168569e-05"
"1","  -4.719859e-05"
"1"," -1.458648e-04"
"1","   4.626318e-05"
"1","  2.960775e-04"
"1","
ENTREZID:5577     "
"1","  -8.145491e-05"
"1"," -1.153881e-04"
"1","   8.952546e-05"
"1"," -5.698099e-05"
"1","  -6.978714e-08"
"1"," -1.013774e-04"
"1","
ENTREZID:10943    "
"1","  -1.111920e-06"
"1","  2.948144e-05"
"1","  -3.023766e-05"
"1"," -5.836465e-05"
"1","   6.363786e-06"
"1","  7.262013e-06"
"1","
ENTREZID:57414    "
"1","  -4.848160e-05"
"1"," -7.221639e-05"
"1","   2.518759e-06"
"1","  3.272735e-05"
"1","   2.742750e-05"
"1"," -1.764357e-05"
"1","
ENTREZID:23077    "
"1","   2.131818e-04"
"1","  1.410456e-04"
"1","  -1.883267e-05"
"1"," -2.665396e-05"
"1","   7.898938e-06"
"1","  7.596148e-05"
"1","
ENTREZID:3683     "
"1","  -1.915661e-04"
"1"," -9.222362e-05"
"1","  -1.757073e-05"
"1","  2.853071e-05"
"1","   1.436328e-05"
"1","  3.824941e-05"
"1","
ENTREZID:3675     "
"1","   2.204231e-04"
"1","  5.067755e-04"
"1","  -2.546685e-05"
"1","  1.686809e-04"
"1","   2.456018e-05"
"1","  5.453702e-05"
"1","
ENTREZID:7543     "
"1","   1.880271e-05"
"1","  7.191868e-05"
"1","  -8.133273e-05"
"1","  2.986645e-05"
"1","  -1.078718e-04"
"1"," -1.839669e-04"
"1","
ENTREZID:51573    "
"1","  -2.623692e-05"
"1"," -5.225044e-05"
"1","  -1.411738e-04"
"1"," -3.609935e-05"
"1","   4.096867e-05"
"1","  1.870998e-05"
"1","
ENTREZID:9244     "
"1","   3.722458e-04"
"1","  2.183536e-04"
"1","   4.227937e-05"
"1"," -1.989754e-04"
"1","  -4.002061e-05"
"1","  7.728527e-05"
"1","
ENTREZID:6833     "
"1","  -7.322218e-05"
"1"," -5.608070e-05"
"1","  -7.189361e-06"
"1"," -9.603770e-05"
"1","  -6.998695e-05"
"1"," -1.129497e-04"
"1","
ENTREZID:6376     "
"1","   5.043636e-04"
"1","  5.704572e-04"
"1","   2.787776e-04"
"1","  6.100750e-05"
"1","   1.713063e-04"
"1","  2.443081e-04"
"1","
ENTREZID:8913     "
"1","   8.945265e-06"
"1"," -5.917222e-05"
"1","  -8.295005e-05"
"1"," -1.826340e-04"
"1","   7.170876e-05"
"1","  1.187858e-04"
"1","
ENTREZID:51330    "
"1","  -1.009349e-04"
"1","  4.564436e-05"
"1","  -8.140805e-05"
"1"," -3.591799e-05"
"1","  -5.329051e-05"
"1"," -1.062391e-05"
"1","
ENTREZID:4293     "
"1","  -6.589337e-05"
"1"," -1.966186e-05"
"1","  -4.090791e-05"
"1","  2.257334e-04"
"1","  -8.702831e-05"
"1"," -1.837433e-04"
"1","
ENTREZID:2115     "
"1","  -9.480976e-06"
"1"," -1.570105e-05"
"1","  -3.102773e-06"
"1"," -2.751578e-05"
"1","  -6.882596e-05"
"1"," -3.714670e-05"
"1","
ENTREZID:55001    "
"1","   7.046559e-05"
"1","  1.123418e-04"
"1","   2.433251e-05"
"1","  2.095362e-04"
"1","   8.673485e-06"
"1"," -1.462801e-05"
"1","
ENTREZID:9569     "
"1","  -1.176406e-04"
"1"," -1.129147e-04"
"1","  -3.657060e-05"
"1","  7.593736e-05"
"1","  -5.405301e-05"
"1"," -5.748647e-05"
"1","
ENTREZID:54623    "
"1","  -3.625253e-05"
"1"," -8.492364e-05"
"1","  -2.780968e-05"
"1"," -3.389742e-05"
"1","  -5.867157e-07"
"1"," -3.360394e-05"
"1","
ENTREZID:414      "
"1","   1.574578e-05"
"1"," -3.342477e-06"
"1","  -1.460379e-06"
"1","  1.819595e-04"
"1","  -5.439147e-05"
"1"," -6.859940e-05"
"1","
ENTREZID:8228     "
"1","  -6.811437e-05"
"1"," -1.259864e-04"
"1","   9.945178e-06"
"1"," -1.261779e-05"
"1","   7.075559e-05"
"1"," -5.497897e-05"
"1","
ENTREZID:8735     "
"1","  -2.646130e-05"
"1"," -3.039935e-06"
"1","   1.932866e-05"
"1"," -8.078075e-05"
"1","  -3.610278e-05"
"1","  8.758536e-06"
"1","
ENTREZID:79602    "
"1","   2.250560e-04"
"1","  1.347231e-04"
"1","   1.764371e-04"
"1","  4.570301e-05"
"1","   7.860763e-05"
"1","  2.613084e-05"
"1","
ENTREZID:5048     "
"1","   5.324981e-05"
"1","  9.677110e-05"
"1","  -5.627792e-05"
"1"," -4.885062e-05"
"1","   6.636253e-05"
"1","  1.822505e-04"
"1","
ENTREZID:9703     "
"1","  -3.840840e-05"
"1"," -2.932760e-05"
"1","   5.606957e-05"
"1","  2.830065e-05"
"1","   4.648251e-05"
"1"," -1.401403e-05"
"1","
ENTREZID:9058     "
"1","   1.583971e-05"
"1"," -1.225279e-05"
"1","   1.751178e-06"
"1","  1.145633e-05"
"1","  -4.857509e-05"
"1"," -6.239995e-05"
"1","
ENTREZID:8522     "
"1","   2.606354e-04"
"1","  1.631906e-04"
"1","  -1.911516e-04"
"1"," -7.807479e-05"
"1","   1.147560e-04"
"1","  4.827151e-04"
"1","
ENTREZID:974      "
"1","   7.969271e-05"
"1","  8.778096e-05"
"1","  -1.263708e-05"
"1"," -5.071515e-05"
"1","   6.205671e-06"
"1","  4.940167e-05"
"1","
ENTREZID:54879    "
"1","   5.069853e-05"
"1","  3.620384e-05"
"1","  -1.017798e-05"
"1"," -3.459065e-05"
"1","  -4.544853e-06"
"1"," -5.417983e-06"
"1","
ENTREZID:9254     "
"1","  -2.730952e-05"
"1"," -3.482189e-05"
"1","  -1.797693e-05"
"1"," -2.855453e-05"
"1","   4.839307e-05"
"1","  3.050887e-05"
"1","
ENTREZID:8938     "
"1","  -2.128076e-04"
"1"," -1.452620e-04"
"1","   1.122683e-04"
"1","  1.305578e-04"
"1","   1.726850e-04"
"1","  2.025393e-04"
"1","
ENTREZID:115939   "
"1","  -7.130808e-05"
"1","  6.009100e-06"
"1","   5.491549e-05"
"1"," -7.460314e-05"
"1","  -1.258780e-04"
"1"," -8.226919e-05"
"1","
ENTREZID:9091     "
"1","   1.300543e-05"
"1","  9.294069e-06"
"1","  -2.784313e-05"
"1"," -2.703080e-05"
"1","  -7.079874e-05"
"1","  4.223832e-05"
"1","
ENTREZID:57585    "
"1","   4.384196e-06"
"1"," -2.545296e-06"
"1","  -6.877684e-06"
"1"," -4.737827e-05"
"1","   4.952354e-05"
"1","  5.623356e-05"
"1","
ENTREZID:6401     "
"1","  -5.186570e-05"
"1","  1.446299e-05"
"1","   5.867030e-05"
"1"," -1.755963e-05"
"1","   3.075486e-05"
"1","  3.873375e-05"
"1","
ENTREZID:2328     "
"1","  -9.211357e-05"
"1"," -9.298649e-05"
"1","   9.139370e-06"
"1"," -9.568449e-05"
"1","   1.351205e-05"
"1","  3.719335e-05"
"1","
ENTREZID:5689     "
"1","   4.180439e-05"
"1","  2.424549e-05"
"1","  -5.627421e-05"
"1"," -5.428701e-05"
"1","   1.140539e-04"
"1","  1.923754e-04"
"1","
ENTREZID:3720     "
"1","  -2.628982e-04"
"1"," -2.027243e-04"
"1","  -6.376340e-05"
"1"," -8.319494e-06"
"1","   1.882607e-05"
"1","  7.605354e-06"
"1","
ENTREZID:6792     "
"1","  -1.004805e-04"
"1"," -4.167685e-05"
"1","   4.116782e-06"
"1"," -4.270846e-06"
"1","  -4.643306e-05"
"1","  7.198995e-05"
"1","
ENTREZID:728642   "
"1","  -1.885784e-05"
"1"," -2.886616e-05"
"1","   3.233308e-06"
"1"," -1.104101e-04"
"1","   5.658776e-05"
"1","  1.033379e-04"
"1","
ENTREZID:65220    "
"1","   5.606266e-05"
"1","  4.707178e-05"
"1","   3.834499e-05"
"1"," -1.099540e-05"
"1","   2.937215e-05"
"1","  2.477089e-05"
"1","
ENTREZID:7021     "
"1","   6.884432e-05"
"1","  1.322805e-04"
"1","   4.851748e-05"
"1","  1.803457e-04"
"1","  -2.084529e-04"
"1"," -1.624819e-04"
"1","
ENTREZID:9940     "
"1","  -3.928408e-05"
"1"," -1.722910e-05"
"1","   2.009404e-05"
"1"," -1.234331e-05"
"1","  -3.852166e-05"
"1"," -2.374318e-05"
"1","
ENTREZID:53616    "
"1","  -6.658067e-06"
"1"," -1.464376e-05"
"1","  -2.326538e-05"
"1"," -2.727519e-05"
"1","  -5.518776e-05"
"1"," -7.402954e-05"
"1","
ENTREZID:1534     "
"1","   3.853342e-05"
"1","  7.468307e-05"
"1","  -3.341134e-05"
"1","  5.043089e-04"
"1","   3.439023e-05"
"1"," -3.910452e-06"
"1","
ENTREZID:9043     "
"1","  -9.579636e-06"
"1","  4.882035e-05"
"1","  -8.455608e-06"
"1","  2.226224e-06"
"1","   6.454241e-05"
"1","  1.311185e-04"
"1","
ENTREZID:1951     "
"1","  -1.410627e-04"
"1"," -1.355166e-04"
"1","   1.519081e-05"
"1","  1.082348e-04"
"1","  -2.133601e-05"
"1"," -2.794238e-05"
"1","
ENTREZID:10157    "
"1","   1.475426e-04"
"1","  5.358246e-05"
"1","  -7.389938e-05"
"1","  2.634893e-06"
"1","  -1.126136e-04"
"1"," -6.845522e-05"
"1","
ENTREZID:4257     "
"1","  -1.523448e-04"
"1"," -1.158402e-04"
"1","   3.314867e-04"
"1","  3.163410e-04"
"1","   8.459181e-05"
"1","  2.283950e-05"
"1","
ENTREZID:4784     "
"1","   5.328368e-04"
"1","  4.623714e-04"
"1","  -1.155400e-04"
"1"," -1.351274e-04"
"1","  -6.099449e-05"
"1"," -6.043083e-05"
"1","
ENTREZID:6482     "
"1","  -2.992062e-04"
"1"," -2.523428e-04"
"1","  -4.187765e-05"
"1","  4.077925e-05"
"1","   1.658953e-06"
"1","  4.814382e-05"
"1","
ENTREZID:64386    "
"1","  -8.269446e-05"
"1"," -5.700203e-05"
"1","  -1.766970e-05"
"1","  2.715735e-05"
"1","  -3.152460e-05"
"1"," -4.760809e-05"
"1","
ENTREZID:9235     "
"1","  -1.131148e-04"
"1","  4.170594e-06"
"1","   2.370578e-04"
"1"," -2.578263e-05"
"1","  -1.070858e-04"
"1"," -9.474594e-05"
"1","
ENTREZID:23542    "
"1","  -2.240822e-04"
"1"," -2.793611e-04"
"1","  -1.471655e-04"
"1","  1.058236e-04"
"1","  -8.299577e-05"
"1"," -3.492635e-05"
"1","
ENTREZID:9862     "
"1","   2.724235e-05"
"1","  1.679887e-05"
"1","  -2.358699e-05"
"1","  8.374750e-05"
"1","  -2.225219e-05"
"1","  4.890938e-05"
"1","
ENTREZID:23221    "
"1","   6.729918e-06"
"1"," -4.737753e-05"
"1","   1.436820e-05"
"1"," -4.257096e-05"
"1","   1.454088e-04"
"1","  1.103720e-04"
"1","
ENTREZID:6224     "
"1","  -3.025213e-05"
"1"," -3.312314e-05"
"1","  -5.450731e-05"
"1"," -6.476993e-05"
"1","  -1.270656e-05"
"1"," -3.667010e-05"
"1","
ENTREZID:10747    "
"1","  -3.561672e-05"
"1"," -2.043708e-05"
"1","   3.280246e-05"
"1"," -8.573227e-06"
"1","  -5.855396e-05"
"1"," -3.225198e-05"
"1","
ENTREZID:199870   "
"1","  -3.275809e-05"
"1"," -3.773752e-05"
"1","  -9.168488e-06"
"1"," -5.267288e-06"
"1","  -3.342796e-05"
"1","  5.987687e-05"
"1","
ENTREZID:80342    "
"1","  -9.128003e-05"
"1","  1.245039e-06"
"1","  -4.741983e-05"
"1"," -1.093709e-06"
"1","  -1.676798e-05"
"1"," -2.873763e-05"
"1","
ENTREZID:51534    "
"1","   1.552633e-05"
"1"," -1.399006e-05"
"1","  -8.346339e-05"
"1"," -6.312350e-05"
"1","   1.131826e-04"
"1","  1.342177e-04"
"1","
ENTREZID:51085    "
"1","  -1.568742e-05"
"1"," -5.940196e-05"
"1","   1.216024e-04"
"1","  7.622730e-05"
"1","  -1.489713e-05"
"1"," -2.979438e-05"
"1","
"
"1","                  "
"1"," E2+R5020_P5_48"
"1","   R5020_P5_48"
"1"," E2+R5020_P6_48"
"1","   R5020_P6_48"
"1","
ENTREZID:7105     "
"1","   3.229275e-05"
"1"," -6.116398e-05"
"1","  -3.359960e-05"
"1","  1.956652e-05"
"1","
ENTREZID:57147    "
"1","   6.555280e-05"
"1","  2.937589e-05"
"1","   1.743296e-05"
"1","  1.141014e-05"
"1","
ENTREZID:55732    "
"1","   3.288018e-06"
"1","  1.065746e-05"
"1","   2.198606e-05"
"1","  6.318173e-05"
"1","
ENTREZID:2268     "
"1","  -1.556597e-04"
"1","  1.567646e-06"
"1","   9.258250e-05"
"1","  4.488351e-05"
"1","
ENTREZID:90529    "
"1","  -1.308706e-05"
"1"," -3.116259e-05"
"1","  -9.843605e-06"
"1","  2.736595e-06"
"1","
ENTREZID:22875    "
"1","  -4.922540e-05"
"1"," -1.041345e-04"
"1","  -9.335740e-06"
"1"," -4.356125e-06"
"1","
ENTREZID:889      "
"1","   3.113791e-05"
"1","  3.917763e-05"
"1","   3.598051e-05"
"1","  1.287729e-05"
"1","
ENTREZID:5893     "
"1","  -3.176318e-05"
"1"," -2.862455e-05"
"1","  -1.638761e-05"
"1"," -2.921920e-05"
"1","
ENTREZID:4267     "
"1","  -1.396730e-04"
"1","  1.681101e-04"
"1","  -2.549705e-05"
"1","  2.925458e-05"
"1","
ENTREZID:9957     "
"1","   2.474448e-05"
"1"," -1.978528e-05"
"1","  -3.477505e-05"
"1"," -4.379618e-05"
"1","
ENTREZID:26       "
"1","  -1.182992e-05"
"1"," -3.568629e-05"
"1","   8.293459e-06"
"1","  5.235645e-06"
"1","
ENTREZID:23072    "
"1","   1.490405e-05"
"1","  2.242106e-05"
"1","  -3.193065e-05"
"1","  6.882330e-06"
"1","
ENTREZID:8379     "
"1","  -2.766767e-05"
"1","  1.748256e-05"
"1","   3.301858e-05"
"1","  2.123570e-05"
"1","
ENTREZID:29916    "
"1","  -1.641218e-05"
"1"," -1.060208e-05"
"1","   1.431229e-05"
"1","  4.708207e-06"
"1","
ENTREZID:4074     "
"1","   8.812018e-05"
"1","  3.210280e-05"
"1","   1.491254e-05"
"1","  2.216857e-05"
"1","
ENTREZID:3382     "
"1","  -1.211716e-05"
"1"," -1.345227e-04"
"1","   1.354406e-05"
"1"," -4.233174e-06"
"1","
ENTREZID:79007    "
"1","   5.804005e-05"
"1"," -6.680557e-05"
"1","  -3.744084e-05"
"1","  8.702979e-06"
"1","
ENTREZID:57679    "
"1","  -1.619088e-05"
"1"," -2.607065e-05"
"1","   2.411770e-05"
"1","  1.847297e-05"
"1","
ENTREZID:843      "
"1","  -7.956000e-05"
"1"," -4.465179e-05"
"1","  -2.953953e-05"
"1"," -4.316659e-05"
"1","
ENTREZID:7035     "
"1","  -6.842365e-05"
"1"," -6.288488e-05"
"1","  -3.701646e-05"
"1"," -2.647382e-05"
"1","
ENTREZID:9108     "
"1","   2.411419e-05"
"1","  2.227854e-05"
"1","   1.921784e-05"
"1","  1.372152e-05"
"1","
ENTREZID:26073    "
"1","  -2.693185e-06"
"1"," -3.321594e-05"
"1","  -1.773527e-05"
"1","  1.847714e-05"
"1","
ENTREZID:23129    "
"1","  -1.254850e-04"
"1","  4.500968e-05"
"1","  -6.844175e-05"
"1"," -5.999363e-05"
"1","
ENTREZID:10180    "
"1","  -4.103385e-05"
"1"," -3.815758e-05"
"1","   2.967862e-05"
"1"," -7.390882e-06"
"1","
ENTREZID:5166     "
"1","  -4.029168e-04"
"1"," -3.772602e-04"
"1","  -2.712116e-04"
"1"," -2.214486e-05"
"1","
ENTREZID:51364    "
"1","  -2.675538e-05"
"1"," -2.473588e-05"
"1","  -3.642296e-06"
"1","  5.488982e-06"
"1","
ENTREZID:996      "
"1","  -2.275420e-05"
"1"," -1.840487e-05"
"1","   1.833537e-05"
"1"," -3.237035e-05"
"1","
ENTREZID:64063    "
"1","   6.405795e-05"
"1"," -1.239900e-04"
"1","  -3.327238e-05"
"1","  2.237319e-05"
"1","
ENTREZID:5976     "
"1","   4.077588e-06"
"1"," -1.761173e-05"
"1","  -8.174722e-06"
"1","  1.376219e-05"
"1","
ENTREZID:8935     "
"1","  -2.856015e-05"
"1"," -7.642327e-06"
"1","   1.848784e-05"
"1"," -2.151787e-05"
"1","
ENTREZID:292      "
"1","   1.645566e-05"
"1"," -9.988959e-05"
"1","  -6.135462e-05"
"1","  2.226536e-05"
"1","
ENTREZID:3207     "
"1","  -4.637427e-05"
"1","  1.639954e-05"
"1","  -3.525623e-05"
"1"," -9.032435e-06"
"1","
ENTREZID:56919    "
"1","  -6.941968e-06"
"1"," -3.467166e-05"
"1","  -6.042474e-05"
"1"," -6.903439e-05"
"1","
ENTREZID:4222     "
"1","  -2.895427e-05"
"1"," -2.967508e-05"
"1","  -3.972808e-05"
"1"," -1.901908e-05"
"1","
ENTREZID:79657    "
"1","  -5.789504e-06"
"1","  1.457255e-05"
"1","  -3.237733e-06"
"1","  1.846111e-05"
"1","
ENTREZID:6296     "
"1","   1.324314e-05"
"1"," -4.055750e-06"
"1","   3.203370e-05"
"1"," -3.836746e-05"
"1","
ENTREZID:81691    "
"1","  -1.249836e-05"
"1"," -4.588361e-05"
"1","   2.455592e-05"
"1","  2.812709e-05"
"1","
ENTREZID:57019    "
"1","  -4.458634e-07"
"1"," -6.119826e-06"
"1","   1.727825e-06"
"1"," -1.944030e-05"
"1","
ENTREZID:51226    "
"1","  -5.466618e-05"
"1","  1.413348e-04"
"1","   5.322380e-05"
"1","  2.308842e-06"
"1","
ENTREZID:5577     "
"1","  -1.955424e-05"
"1"," -4.504558e-05"
"1","  -1.217996e-05"
"1","  9.386637e-07"
"1","
ENTREZID:10943    "
"1","  -2.649096e-05"
"1","  9.907171e-06"
"1","  -1.631114e-05"
"1"," -7.618024e-06"
"1","
ENTREZID:57414    "
"1","   2.553922e-05"
"1","  9.090890e-06"
"1","  -7.795699e-07"
"1"," -2.679249e-05"
"1","
ENTREZID:23077    "
"1","  -2.429907e-05"
"1","  2.763332e-05"
"1","   2.333537e-05"
"1"," -8.561786e-05"
"1","
ENTREZID:3683     "
"1","  -4.439279e-05"
"1"," -7.576668e-05"
"1","   2.811393e-05"
"1","  7.328143e-06"
"1","
ENTREZID:3675     "
"1","   1.582920e-04"
"1"," -2.147229e-04"
"1","   4.600780e-05"
"1"," -9.899691e-06"
"1","
ENTREZID:7543     "
"1","   4.145797e-05"
"1","  3.359885e-05"
"1","   1.621496e-05"
"1","  2.383852e-05"
"1","
ENTREZID:51573    "
"1","   2.122516e-05"
"1"," -2.644243e-05"
"1","  -2.801512e-05"
"1","  5.420774e-05"
"1","
ENTREZID:9244     "
"1","  -2.123007e-04"
"1","  8.688742e-05"
"1","   5.459838e-05"
"1"," -5.799679e-05"
"1","
ENTREZID:6833     "
"1","   5.421667e-05"
"1","  4.791415e-05"
"1","   4.714376e-06"
"1","  1.298533e-06"
"1","
ENTREZID:6376     "
"1","   3.029794e-05"
"1"," -1.684556e-04"
"1","  -1.767109e-04"
"1"," -2.763245e-05"
"1","
ENTREZID:8913     "
"1","   1.507441e-05"
"1","  3.194730e-05"
"1","  -1.546396e-05"
"1"," -1.349808e-05"
"1","
ENTREZID:51330    "
"1","  -7.397234e-06"
"1","  6.273740e-05"
"1","  -1.392622e-05"
"1","  2.888313e-05"
"1","
ENTREZID:4293     "
"1","   2.616810e-05"
"1"," -6.634502e-05"
"1","  -2.750589e-05"
"1","  5.701358e-06"
"1","
ENTREZID:2115     "
"1","   7.382675e-06"
"1","  4.725724e-05"
"1","  -7.426409e-05"
"1"," -7.186948e-05"
"1","
ENTREZID:55001    "
"1","   7.738081e-05"
"1"," -5.828918e-05"
"1","   2.409094e-05"
"1","  2.549897e-05"
"1","
ENTREZID:9569     "
"1","   2.097374e-05"
"1","  3.725497e-05"
"1","  -5.810399e-05"
"1"," -1.629609e-05"
"1","
ENTREZID:54623    "
"1","  -2.731082e-06"
"1"," -8.109377e-06"
"1","  -2.501845e-06"
"1","  3.033971e-05"
"1","
ENTREZID:414      "
"1","   5.621053e-05"
"1"," -2.724839e-05"
"1","  -4.165934e-05"
"1","  4.942607e-05"
"1","
ENTREZID:8228     "
"1","   1.065930e-04"
"1","  5.302957e-05"
"1","  -9.116294e-06"
"1","  1.717263e-05"
"1","
ENTREZID:8735     "
"1","  -2.949580e-05"
"1","  1.647047e-05"
"1","   1.195231e-06"
"1"," -7.642440e-06"
"1","
ENTREZID:79602    "
"1","  -7.330165e-05"
"1"," -3.128173e-05"
"1","  -2.150449e-05"
"1"," -6.282427e-05"
"1","
ENTREZID:5048     "
"1","  -2.048356e-06"
"1","  9.078341e-07"
"1","   2.668562e-05"
"1","  2.372943e-05"
"1","
ENTREZID:9703     "
"1","   4.220826e-06"
"1"," -3.194255e-05"
"1","  -9.634448e-07"
"1"," -1.071597e-05"
"1","
ENTREZID:9058     "
"1","   3.722704e-05"
"1"," -9.620882e-06"
"1","   8.790491e-06"
"1","  2.099047e-05"
"1","
ENTREZID:8522     "
"1","   1.844470e-04"
"1","  2.944981e-04"
"1","   1.612479e-04"
"1","  5.309854e-06"
"1","
ENTREZID:974      "
"1","  -2.546678e-05"
"1"," -2.669434e-05"
"1","  -1.903898e-05"
"1"," -3.841004e-05"
"1","
ENTREZID:54879    "
"1","   1.480830e-05"
"1","  3.587305e-05"
"1","  -1.426959e-05"
"1"," -2.011083e-05"
"1","
ENTREZID:9254     "
"1","   3.761587e-05"
"1","  1.556676e-05"
"1","   9.916582e-06"
"1","  5.718914e-06"
"1","
ENTREZID:8938     "
"1","   3.173440e-05"
"1"," -1.246684e-04"
"1","   2.873193e-05"
"1"," -9.841184e-06"
"1","
ENTREZID:115939   "
"1","   4.320719e-05"
"1","  4.722488e-05"
"1","  -2.384214e-05"
"1","  8.785089e-06"
"1","
ENTREZID:9091     "
"1","  -1.510690e-05"
"1"," -2.222134e-05"
"1","   1.530580e-05"
"1","  2.006595e-06"
"1","
ENTREZID:57585    "
"1","   7.826382e-06"
"1","  4.035560e-06"
"1","  -2.189981e-05"
"1"," -2.529244e-06"
"1","
ENTREZID:6401     "
"1","   6.959601e-05"
"1"," -3.311219e-05"
"1","  -7.541966e-06"
"1"," -6.977784e-06"
"1","
ENTREZID:2328     "
"1","   2.081362e-05"
"1","  8.284028e-05"
"1","  -6.568283e-06"
"1"," -1.215272e-05"
"1","
ENTREZID:5689     "
"1","   1.503042e-05"
"1"," -2.207877e-06"
"1","  -3.837917e-05"
"1"," -4.500155e-05"
"1","
ENTREZID:3720     "
"1","   4.759894e-05"
"1","  4.866240e-05"
"1","  -2.754589e-05"
"1","  3.172265e-05"
"1","
ENTREZID:6792     "
"1","   1.691392e-05"
"1","  6.174437e-05"
"1","   5.116729e-05"
"1","  6.036897e-05"
"1","
ENTREZID:728642   "
"1","  -5.695411e-05"
"1"," -3.771060e-05"
"1","   4.499810e-06"
"1"," -4.839124e-06"
"1","
ENTREZID:65220    "
"1","  -7.566407e-06"
"1"," -3.784429e-05"
"1","   5.002652e-05"
"1","  6.714760e-07"
"1","
ENTREZID:7021     "
"1","   6.213157e-07"
"1"," -4.630816e-05"
"1","  -2.259757e-04"
"1"," -2.874618e-05"
"1","
ENTREZID:9940     "
"1","   1.387798e-05"
"1","  5.894469e-06"
"1","   4.896094e-06"
"1","  1.232239e-05"
"1","
ENTREZID:53616    "
"1","  -1.698175e-05"
"1"," -2.765081e-05"
"1","  -3.641705e-05"
"1"," -3.055009e-05"
"1","
ENTREZID:1534     "
"1","   4.135805e-05"
"1"," -6.840172e-05"
"1","   7.946145e-08"
"1","  2.962428e-06"
"1","
ENTREZID:9043     "
"1","  -1.047329e-04"
"1","  2.210330e-05"
"1","  -1.986675e-05"
"1"," -4.185292e-05"
"1","
ENTREZID:1951     "
"1","  -1.663294e-05"
"1"," -4.020330e-05"
"1","  -2.155826e-05"
"1"," -4.893847e-06"
"1","
ENTREZID:10157    "
"1","  -6.932874e-06"
"1","  3.423012e-05"
"1","   8.197138e-06"
"1"," -1.962325e-05"
"1","
ENTREZID:4257     "
"1","   5.846563e-05"
"1"," -2.119595e-04"
"1","   0.000000e+00"
"1","  4.888131e-05"
"1","
ENTREZID:4784     "
"1","   9.546681e-05"
"1","  1.154904e-04"
"1","   5.914148e-05"
"1"," -2.777425e-05"
"1","
ENTREZID:6482     "
"1","  -5.566371e-05"
"1"," -6.474659e-05"
"1","  -7.375994e-05"
"1","  7.633507e-05"
"1","
ENTREZID:64386    "
"1","  -8.215794e-06"
"1"," -1.993715e-06"
"1","   1.178498e-05"
"1","  3.060016e-06"
"1","
ENTREZID:9235     "
"1","  -2.466449e-04"
"1"," -1.341265e-04"
"1","  -1.185463e-04"
"1"," -1.506130e-05"
"1","
ENTREZID:23542    "
"1","  -6.461691e-05"
"1"," -4.225151e-05"
"1","  -5.231278e-05"
"1","  2.783289e-05"
"1","
ENTREZID:9862     "
"1","  -1.131060e-05"
"1"," -5.353871e-05"
"1","   6.873584e-05"
"1"," -1.701935e-05"
"1","
ENTREZID:23221    "
"1","   5.414030e-06"
"1","  7.832394e-05"
"1","  -6.384971e-05"
"1"," -1.429487e-05"
"1","
ENTREZID:6224     "
"1","  -6.045695e-06"
"1"," -4.803039e-05"
"1","   2.746175e-06"
"1","  2.746175e-06"
"1","
ENTREZID:10747    "
"1","  -7.514015e-06"
"1","  3.586042e-07"
"1","   2.555234e-06"
"1","  1.084796e-05"
"1","
ENTREZID:199870   "
"1","   2.006322e-05"
"1","  1.408635e-05"
"1","  -2.455471e-05"
"1"," -1.729515e-05"
"1","
ENTREZID:80342    "
"1","  -4.315997e-05"
"1"," -7.776567e-05"
"1","   4.441610e-06"
"1"," -3.518142e-05"
"1","
ENTREZID:51534    "
"1","   5.920734e-05"
"1","  1.590414e-05"
"1","   5.522006e-06"
"1","  1.677441e-05"
"1","
ENTREZID:51085    "
"1","   3.303423e-06"
"1"," -3.669071e-05"
"1","   3.617460e-05"
"1"," -2.454846e-05"
"1","
"
"1"," [ reached getOption(""max.print"") -- omitted 7572 rows ]
"
"1","
"
